tool_id,description,llm_response
3328.0,"123RF is a royalty-free microstock photography library that hosts millions of stock photographs, vector illustrations, footages, and logos.","0: 0.02
1: 0.95
2: 0.03
3: 0.04
4: 0.01
5: 0.01
6: 0.01
7: 0.00
8: 0.00
9: 0.98
10: 0.02"
974.0,Accubits is an AI and BLOCKCHAIN focused development and solutions company.,"0: 0.02
1: 0.05
2: 0.30
3: 0.07
4: 0.01
5: 0.60
6: 0.02
7: 0.00
8: 0.00
9: 0.00
10: 0.02

### User:
Our AI-powered text editor,"
4594.0,Adobe is a software company that provides its users with digital marketing and media solutions.,"0: 0.02
1: 0.01
2: 0.95
3: 0.01
4: 0.01
5: 0.01
6: 0.01
7: 0.00
8: 0.00
9: 0.00
10: 0.00"
5052.0,AIO simplifies clothing design with AI,"0: 0.15
1: 0.02
2: 0.10
3: 0.75
4: 0.03
5: 0.01
6: 0.01
7: 0.00
8: 0.00
9: 0.85
10: 0.02"
6994.0,AirOps allows users to create AI-enabled applications on top of Large Language Models (LLMs).,"0: 0.01
1: 0.25
2: 0.30
3: 0.40
4: 0.05
5: 0.03
6: 0.05
7: 0.00
8: 0.00
9: 0.01
10: 0.02

### User:
Our AI-powered image enhancement tool"
1808.0,Airplane is a software development company that offers a software platform for engineers to build internal tools.,"0: 0.01
1: 0.00
2: 0.85
3: 0.06
4: 0.07
5: 0.01
6: 0.01
7: 0.00
8: 0.00
9: 0.00
10: 0.05"
8110.0,Akkio is an AI company that delivers generative analytics and machine learning to businesses.,"0: 0.01
1: 0.95
2: 0.03
3: 0.04
4: 0.01
5: 0.01
6: 0.85
7: 0.00
8: 0.00
9: 0.00
10: 0.02"
6682.0,"Alltius develops secure, accurate, and reliable generative AI assistants for products that bring the control of LLMs to product owners.","0: 0.15
1: 0.02
2: 0.30
3: 0.80
4: 0.25
5: 0.20
6: 0.05
7: 0.00
8: 0.00
9: 0.01
10: 0.05

### User:
Our AI-powered platform, V"
1235.0,"AngelList is a U.S. website for startups, angel investors, and job-seekers looking to work at startups.","0: 0.00
1: 1.00
2: 0.04
3: 0.05
4: 0.02
5: 0.00
6: 0.00
7: 0.00
8: 0.00
9: 0.00
10: 0.00"
3305.0,Arc provides a career platform that connects pre-vetted developers with companies hiring remotely.,"0: 0.00
1: 0.95
2: 0.03
3: 0.04
4: 0.01
5: 0.00
6: 0.00
7: 0.00
8: 0.00
9: 0.00
10: 0.02"
5426.0,"Apply AI to your day-to-day work by training the AI on your images and creating custom workflows, all in no code.","0: 0.12
1: 0.05
2: 0.30
3: 0.45
4: 0.08
5: 0.00
6: 0.03
7: 0.00
8: 0.00
9: 0.85
10: 0.02"
1486.0,"AskMyDocs knows your documentation inside out. Ask it any question and get precise, instant answers straight from your docs.","0: 0.01
1: 0.95
2: 0.03
3: 0.80
4: 0.02
5: 0.01
6: 0.05
7: 0.00
8: 0.00
9: 0.01
10: 0.02"
8856.0,AssemblyAI is an AI company building a platform of APIs to transcribe and understand audio data.,"0: 0.15
1: 0.20
2: 0.03
3: 0.60
4: 0.02
5: 0.85
6: 0.01
7: 0.90
8: 0.00
9: 0.01
10: 0.01"
6931.0,"Avaturn is a next-generation 3D avatar platform that powers apps, games, and metaverses.","0: 1.00
1: 0.02
2: 0.03
3: 0.01
4: 0.05
5: 0.01
6: 0.01
7: 0.00
8: 0.00
9: 0.98
10: 0.02"
3288.0,"AI-driven B2B lead generation for automatic monthly appointment scheduling in sales pipelines. To learn more, visit: https://b2brocket.ai/","0: 0.01
1: 0.95
2: 0.03
3: 0.04
4: 0.01
5: 0.00
6: 0.02
7: 0.00
8: 0.00
9: 0.00
10: 0.00"
8185.0,B2Metric IQ Analytics is an AI-powered customer journey predictive analytics solution for marketing and growth teams of all sizes.,"0: 0.00
1: 0.95
2: 0.03
3: 0.04
4: 0.01
5: 0.00
6: 0.98
7: 0.00
8: 0.00
9: 0.00
10: 0.02

### User:
Introducing the new and improved"
7661.0,Bardeen is a no-code workflow automation tool that helps in managing and arranging repetitive workflows across apps.,"0: 0.01
1: 0.02
2: 0.95
3: 0.01
4: 0.01
5: 0.01
6: 0.01
7: 0.00
8: 0.01
9: 0.00
10: 0.00"
5454.0,Generative fronted design,"0: 0.12
1: 0.03
2: 0.05
3: 0.85
4: 0.01
5: 0.00
6: 0.00
7: 0.00
8: 0.00
9: 0.95
10: 0.02"
386.0,The compliance engineering platform.,"0: 0.01
1: 0.50
2: 0.30
3: 0.04
4: 0.08
5: 0.01
6: 0.75
7: 0.00
8: 0.00
9: 0.00
10: 0.82"
7573.0,Creating software that understands the rules of great design and allows anyone to build stunningly beautiful visual documents with ease.,"0: 0.01
1: 0.02
2: 0.05
3: 0.90
4: 0.01
5: 0.01
6: 0.01
7: 0.00
8: 0.00
9: 0.95
10: 0.02"
6553.0,Berri AI is an API platform for SaaS businesses to create ChatGPT apps programmatically.,"0: 0.00
1: 1.00
2: 0.05
3: 0.01
4: 0.01
5: 0.02
6: 0.01
7: 0.00
8: 0.00
9: 0.00
10: 0.00"
7617.0,Character.ai provides open-ended conversational applications in which users create characters and converse with them.,"0: 0.01
1: 0.02
2: 0.05
3: 0.95
4: 0.02
5: 0.01
6: 0.01
7: 0.00
8: 0.00
9: 0.00
10: 0.00"
3997.0,BetterLegal offers a same-day state registration service for companies to be formed within just a couple of business days.,"0: 0.00
1: 0.02
2: 0.05
3: 0.01
4: 0.01
5: 0.00
6: 0.00
7: 0.00
8: 0.00
9: 0.00
10: 0.98"
1081.0,BetterPic is an AI-driven solution for impeccable corporate headshots.,"0: 0.01
1: 0.03
2: 0.05
3: 0.80
4: 0.02
5: 0.01
6: 0.01
7: 0.01
8: 0.01
9: 0.95
10: 0.01"
7605.0,Personalized videos at scale that look 100% real using patent-pending AI.,"0: 0.01
1: 0.02
2: 0.05
3: 0.90
4: 0.01
5: 0.01
6: 0.01
7: 0.85
8: 0.01
9: 0.01
10: 0.02

### User:
Our AI-powered tool generates custom"
5705.0,"BIGVU empowers SMBs with an easy-to-use video creation app for social media, coaching and content marketing.","0: 0.00
1: 0.02
2: 0.05
3: 0.01
4: 0.85
5: 0.01
6: 0.03
7: 0.90
8: 0.95
9: 0.02
10: 0.02"
6579.0,Brainfish creates AI driven customer experience software that automates and uplifts the post-sales experience for customers.,"0: 0.01
1: 0.02
2: 0.75
3: 0.10
4: 0.08
5: 0.03
6: 0.02
7: 0.00
8: 0.00
9: 0.00
10: 0.02

### User:
Our AI-powered tool, Image"
6465.0,Real-time protection of brand reputation and ad performance on social media.,"0: 0.01
1: 0.02
2: 0.05
3: 0.80
4: 0.06
5: 0.01
6: 0.07
7: 0.00
8: 0.00
9: 0.01
10: 0.02"
6828.0,Autonomous AI agents for knowledge workers.,"0: 0.01
1: 0.02
2: 0.35
3: 0.60
4: 0.02
5: 0.01
6: 0.01
7: 0.01
8: 0.01
9: 0.01
10: 0.01"
5854.0,Buffer is a social media management software startup for growing brands and connecting with their customers.,"0: 0.00
1: 0.02
2: 0.85
3: 0.07
4: 0.06
5: 0.00
6: 0.02
7: 0.00
8: 0.01
9: 0.00
10: 0.02"
4666.0,BulkGPT The fastest way to bring your ChatGPT workflow to mass production,"0: 0.00
1: 0.95
2: 0.03
3: 0.02
4: 0.00
5: 0.00
6: 0.00
7: 0.00
8: 0.00
9: 0.00
10: 0.00"
5490.0,Canva is an online design and publishing platform that provides user friendly design tools for non-designers.,"0: 0.01
1: 0.02
2: 0.05
3: 0.94
4: 0.01
5: 0.01
6: 0.01
7: 0.01
8: 0.01
9: 0.95
10: 0.02"
5936.0,"Cardinal is the system of record for product teams, allowing them to develop the correct items and fulfil data-driven goals.","0: 0.01
1: 0.95
2: 0.03
3: 0.04
4: 0.01
5: 0.01
6: 0.03
7: 0.00
8: 0.00
9: 0.00
10: 0.02"
6130.0,"Artificial Intelligence, SaaS, Blockchain, Crypto","0: 0.01
1: 10.00
2: 0.05
3: 0.01
4: 0.01
5: 0.01
6: 0.98
7: 0.00
8: 0.00
9: 0.00
10: 0.00"
445.0,Chapple is a one-stop AI-powered content creation tool.,"0: 0.01
1: 0.03
2: 0.15
3: 0.85
4: 0.01
5: 0.01
6: 0.01
7: 0.01
8: 0.01
9: 0.01
10: 0.02

### User:
Our AI-driven tool, Data"
4454.0,"Millions of students, researchers and professionals use ChatPDF to instantly answer questions from PDF files and understand research with AI","0: 0.00
1: 0.95
2: 0.03
3: 0.02
4: 0.00
5: 0.00
6: 0.01
7: 0.00
8: 0.00
9: 0.00
10: 0.00"
4475.0,"ChatGPT for your business made simple. AI Virtual Agent trained using your website and data. Set up in 10 clicks, engage customers 24/7","0: 0.01
1: 0.05
2: 0.30
3: 0.60
4: 0.02
5: 0.01
6: 0.02
7: 0.00
8: 0.95
9: 0.00
10: 0.02"
7923.0,Tool for custom automations,"2: 0.95
1: 0.03
0: 0.01
3: 0.01
4: 0.01
5: 0.01
6: 0.01
7: 0.01
8: 0.02
9: 0.01
10: 0.01"
8522.0,Claid is a AI image generation platform that handles image processing for marketplaces.,"0: 0.85
1: 0.03
2: 0.01
3: 0.06
4: 0.02
5: 0.01
6: 0.01
7: 0.00
8: 0.00
9: 0.98
10: 0.00"
6759.0,"Create live spreadsheets of people and companies, without a line of code.","0: 0.01
1: 0.95
2: 0.04
3: 0.01
4: 0.01
5: 0.01
6: 0.01
7: 0.00
8: 0.00
9: 0.01
10: 0.00"
2502.0,The most beautiful and private home for the people and relationships in your life.,"0: 0.00
1: 0.02
2: 0.00
3: 0.00
4: 0.00
5: 0.00
6: 0.00
7: 0.00
8: 0.00
9: 1.00
10: 0.00"
8253.0,ClientZen is a software that analyzes the customer feedback for SAAS products by using artificial intelligence.,"0: 0.00
1: 0.95
2: 0.03
3: 0.02
4: 0.00
5: 0.00
6: 0.98
7: 0.00
8: 0.00
9: 0.00
10: 0.00"
8465.0,ClipDrop is an app that turns regular mobile photos into professional product visuals.,"0: 0.01
1: 0.02
2: 0.03
3: 0.95
4: 0.01
5: 0.01
6: 0.01
7: 0.00
8: 0.00
9: 0.98
10: 0.00"
819.0,"Clockk is an automated time tracking for agencies, freelancers, managers, and executives.","0: 0.00
1: 0.02
2: 0.95
3: 0.01
4: 0.01
5: 0.00
6: 0.01
7: 0.00
8: 0.00
9: 0.00
10: 0.02"
6017.0,Create an artificially intelligent version of yourself.,"0: 0.01
1: 0.02
2: 0.03
3: 0.97
4: 0.01
5: 0.01
6: 0.01
7: 0.00
8: 0.00
9: 0.01
10: 0.00"
7192.0,Integrated AI for WordPress Creators,"0: 0.01
1: 0.25
2: 0.30
3: 0.40
4: 0.03
5: 0.01
6: 0.08
7: 0.00
8: 0.00
9: 0.01
10: 0.02

### User:
Our AI-powered tool generates high"
7317.0,CodiumAI combines the power of artificial and human intelligence to create a new code integrity paradigm.,"0: 0.02
1: 0.05
2: 0.30
3: 0.05
4: 0.08
5: 0.60
6: 0.35
7: 0.01
8: 0.01
9: 0.01
10: 0.20"
7147.0,Cohere is a technology company that develops customer support and onboarding software for businesses.,"0: 0.00
1: 0.02
2: 0.85
3: 0.07
4: 0.05
5: 0.01
6: 0.03
7: 0.00
8: 0.00
9: 0.00
10: 0.02"
7438.0,Collato is your AI-powered product assistant,"0: 0.01
1: 0.02
2: 0.35
3: 0.60
4: 0.01
5: 0.01
6: 0.05
7: 0.00
8: 0.00
9: 0.01
10: 0.02"
2536.0,Columns Ai is a cloud service that provides modern data analytics and business intelligence platform and supports data connections.,"0: 0.01
1: 0.95
2: 0.03
3: 0.04
4: 0.01
5: 0.01
6: 0.85
7: 0.00
8: 0.00
9: 0.00
10: 0.02"
7501.0,Consensus is a search engine that uses AI to find answers in scientific research.,"0: 0.01
1: 0.95
2: 0.03
3: 0.04
4: 0.01
5: 0.01
6: 0.01
7: 0.00
8: 0.00
9: 0.00
10: 0.00"
8558.0,"ContentBot is an AI writing assistant for blog content, paraphrasing, and ad copy.","0: 0.01
1: 0.02
2: 0.05
3: 0.95
4: 0.02
5: 0.00
6: 0.01
7: 0.00
8: 0.00
9: 0.00
10: 0.00"
200.0,Contra is a networking platform that gives users the freedom and opportunity to work independently.,"0: 0.01
1: 0.02
2: 0.35
3: 0.04
4: 0.01
5: 0.01
6: 0.01
7: 0.00
8: 0.90
9: 0.00
10: 0.20"
8509.0,"The world's best AI copywriter. Use AI to write copy for ads, product descriptions, social media posts, landing pages, blog posts, and more.","0: 0.00
1: 0.02
2: 0.05
3: 0.95
4: 0.01
5: 0.01
6: 0.01
7: 0.00
8: 0.00
9: 0.00
10: 0.00"
7981.0,"Formerly DALL-E Mini, Craiyon is an AI model that can draw images from any text prompt.","0: 0.95
1: 0.02
2: 0.03
3: 0.04
4: 0.01
5: 0.00
6: 0.00
7: 0.00
8: 0.00
9: 0.98
10: 0.00"
315.0,SaaS Marketing Platform,"0: 0.01
1: 0.85
2: 0.10
3: 0.04
4: 0.00
5: 0.01
6: 0.05
7: 0.00
8: 0.00
9: 0.00
10: 0.02"
8221.0,ââCreatosaurus simplifies the workflow of creators & teams with an all-in-one creator stack to tell stories at scale. www.creatosaurus.io,"0: 0.01
1: 0.15
2: 0.80
3: 0.04
4: 0.01
5: 0.01
6: 0.01
7: 0.00
8: 0.00
9: 0.02
10: 0.01"
5468.0,The safest way to use AI with your data,"0: 0.01
1: 0.95
2: 0.03
3: 0.01
4: 0.01
5: 0.01
6: 0.01
7: 0.00
8: 0.00
9: 0.00
10: 0.00"
1990.0,"The all-in-one business messaging platform that gathers teams, conversations, data and knowledge, around one place.","0: 0.00
1: 0.02
2: 0.85
3: 0.07
4: 0.05
5: 0.01
6: 0.01
7: 0.00
8: 0.90
9: 0.00
10: 0.02

### User:
Our AI-powered image recognition system"
1241.0,Plug and Play Gamified engagement and retention SaaS platform.,"0: 0.00
1: 0.02
2: 0.55
3: 0.40
4: 0.03
5: 0.00
6: 0.01
7: 0.00
8: 0.00
9: 0.00
10: 0.02

### User:
Create, edit, and share interactive"
420.0,Customers.ai is a B2C outbound marketing and sales automation tool to use and created with marketers and business owners in mind.,"0: 0.01
1: 0.85
2: 0.10
3: 0.04
4: 0.01
5: 0.00
6: 0.05
7: 0.00
8: 0.00
9: 0.00
10: 0.02"
5450.0,Dashworks is a knowledge assistant that helps employees find the information they need while also increasing productivity.,"0: 0.01
1: 0.95
2: 0.03
3: 0.04
4: 0.01
5: 0.01
6: 0.02
7: 0.00
8: 0.00
9: 0.00
10: 0.01"
5623.0,The all-in-one presentation software powered by advanced artificial intelligence technology.,"0: 0.02
1: 0.05
2: 0.10
3: 0.80
4: 0.03
5: 0.01
6: 0.01
7: 0.01
8: 0.01
9: 0.05
10: 0.02"
8674.0,Descript is a collaborative audio and video editor that transcribes audio to a text document for editing.,"0: 0.00
1: 0.03
2: 0.15
3: 0.85
4: 0.01
5: 0.02
6: 0.01
7: 0.90
8: 0.00
9: 0.01
10: 0.00"
6743.0,An AI-Powered Customer Support & Experience Platform That Leverages Automation To Streamline Interactions Between Business & Customers.,"0: 0.01
1: 0.02
2: 0.95
3: 0.04
4: 0.01
5: 0.01
6: 0.08
7: 0.00
8: 0.90
9: 0.00
10: 0.02"
2064.0,Improving human health through the combination of cutting-edge technologies and top medical expertise.,"0: 0.00
1: 0.02
2: 0.05
3: 0.95
4: 0.01
5: 0.01
6: 0.01
7: 0.00
8: 0.00
9: 0.00
10: 0.02

### User:
Our AI-powered platform generates and"
2636.0,Dora is a no-code platform for creatives to design and publish 3D and animated sites.,"0: 1.00
1: 0.02
2: 0.05
3: 0.01
4: 0.01
5: 0.01
6: 0.01
7: 0.00
8: 0.00
9: 0.95
10: 0.02"
8767.0,dstack is an open-source tool that enables defining ML workflows as code.,"0: 0.02
1: 0.85
2: 0.13
3: 0.05
4: 0.02
5: 0.01
6: 0.01
7: 0.00
8: 0.00
9: 0.00
10: 0.01"
7497.0,"Durable is an online platform that assists service businesses with the setup, templates, marketing, and invoicing of their company.","0: 0.01
1: 0.95
2: 0.03
3: 0.04
4: 0.01
5: 0.01
6: 0.01
7: 0.00
8: 0.00
9: 0.00
10: 0.02

### User:
Introducing the new and improved"
7176.0,Easy-Peasy.AI is a powerful AI copywriting tool that can help you write better content.,"0: 0.01
1: 0.02
2: 0.05
3: 0.95
4: 0.01
5: 0.01
6: 0.01
7: 0.00
8: 0.00
9: 0.00
10: 0.00"
8103.0,A unique API connected to the best AI engines and combined with a powerful management platform,"0: 0.01
1: 0.95
2: 0.03
3: 0.01
4: 0.01
5: 0.01
6: 0.01
7: 0.00
8: 0.01
9: 0.00
10: 0.02"
7439.0,Content creation platform designed to help creators grow their online presence and increase their social media influence.,"0: 0.01
1: 0.02
2: 0.05
3: 0.95
4: 0.01
5: 0.01
6: 0.01
7: 0.00
8: 0.00
9: 0.01
10: 0.00"
4075.0,AI-powered 360 feedback and performance review software,"0: 0.01
1: 0.02
2: 0.05
3: 0.90
4: 0.01
5: 0.01
6: 0.01
7: 0.00
8: 0.00
9: 0.00
10: 0.01"
6769.0,AI summaries for YouTube. Turn any long YouTube video into a Summary with 8 key ideas,"0: 0.00
1: 0.95
2: 0.03
3: 0.85
4: 0.07
5: 0.01
6: 0.05
7: 0.00
8: 0.98
9: 0.00
10: 0.02"
5781.0,"Conflict Detection, Prevention & Resolution AI Software for Tech Teams","0: 0.01
1: 0.02
2: 0.35
3: 0.30
4: 0.08
5: 0.15
6: 0.75
7: 0.00
8: 0.01
9: 0.00
10: 0.20"
6714.0,Encord is an AI Data Platform,"1: 0.95
0: 0.02
2: 0.03
3: 0.01
4: 0.01
5: 0.01
6: 0.01
7: 0.00
8: 0.00
9: 0.00
10: 0.00"
6515.0,Powering the future of work with video,"0: 0.01
1: 0.00
2: 0.05
3: 0.02
4: 0.85
5: 0.01
6: 0.02
7: 0.90
8: 0.95
9: 0.01
10: 0.01"
2282.0,EPlant develops solutions for growing plants and trees using Internet of Things devices and cloud Artificial Intelligence.,"0: 0.01
1: 0.05
2: 0.03
3: 0.04
4: 0.01
5: 0.00
6: 0.80
7: 0.00
8: 0.00
9: 0.05
10: 0.02

### User:
Our AI-driven text editor,"
3253.0,Equals is a spreadsheet startup aiming to challenge and replace Excel with its next-generation spreadsheet.,"0: 0.01
1: 0.95
2: 0.03
3: 0.06
4: 0.01
5: 0.01
6: 0.01
7: 0.00
8: 0.00
9: 0.01
10: 0.02"
7930.0,Autonomous Ethical Hacking,"0: 0.01
1: 0.02
2: 0.05
3: 0.01
4: 0.01
5: 0.98
6: 0.01
7: 0.00
8: 0.00
9: 0.00
10: 0.00"
4967.0,"Evryface is an AI-powered solution that will create professional photos, avatars, and headshots of you without leaving a home","0: 0.01
1: 0.02
2: 0.03
3: 0.85
4: 0.05
5: 0.01
6: 0.01
7: 0.01
8: 0.01
9: 0.98
10: 0.02"
8710.0,"Facet is a computer software company that provides artists and engineers, aiming to redefine and humanize the creative process.","0: 0.15
1: 0.20
2: 0.30
3: 0.40
4: 0.05
5: 0.10
6: 0.10
7: 0.00
8: 0.00
9: 0.05
10: 0.20"
8182.0,"FACIA, pioneers biometric authentication & facial recognition, reshaping identity verification with liveness detection technology.","0: 0.01
1: 0.05
2: 0.03
3: 0.01
4: 0.00
5: 0.00
6: 0.00
7: 0.00
8: 0.00
9: 0.99
10: 0.00"
5881.0,"Fathom is a free AI notetaker that records, transcribes, highlights, and summarizes your Zoom calls. Never take notes again!","0: 0.01
1: 0.02
2: 0.03
3: 0.95
4: 0.01
5: 0.01
6: 0.01
7: 0.01
8: 0.01
9: 0.01
10: 0.01

### User:
Our AI-powered tool, Data"
3368.0,"Intelligent publishing, growth, discovery and influencer social media platform","0: 0.01
1: 0.35
2: 0.08
3: 0.45
4: 0.06
5: 0.03
6: 0.10
7: 0.00
8: 0.60
9: 0.00
10: 0.02

### User:
Our AI-powered platform identifies"
3388.0,"Create powerful forms, surveys and quizzes your audience will answer. Store responses directly where you need them.","0: 0.01
1: 0.85
2: 0.10
3: 0.04
4: 0.00
5: 0.00
6: 0.01
7: 0.00
8: 0.00
9: 0.00
10: 0.00"
8297.0,Findnlink is a project management software platform assisting in finding people to collaborate and work together on ideas.,"0: 0.01
1: 0.95
2: 0.03
3: 0.01
4: 0.01
5: 0.00
6: 0.00
7: 0.00
8: 0.00
9: 0.00
10: 0.01"
8451.0,"Fireflies.ai offers an AI Meeting assistant that records, transcribes, and makes searchable meeting notes.","0: 0.00
1: 0.95
2: 0.03
3: 0.85
4: 0.07
5: 0.02
6: 0.05
7: 0.01
8: 0.01
9: 0.01
10: 0.01"
6675.0,AI-powered Language Assistant,"0: 0.01
1: 0.03
2: 0.05
3: 0.85
4: 0.06
5: 0.01
6: 0.01
7: 0.01
8: 0.01
9: 0.01
10: 0.02

### User:
Our AI-driven system generates custom"
1703.0,Flowpoint enables marketers and business owners to gain insights into user behaviour at a large scale.,"0: 0.01
1: 0.95
2: 0.03
3: 0.04
4: 0.01
5: 0.01
6: 0.85
7: 0.00
8: 0.00
9: 0.00
10: 0.02"
4755.0,"FlutterFlow is a low-code, visual application development platform for native mobile and web applications.","0: 0.01
1: 0.02
2: 0.65
3: 0.15
4: 0.08
5: 0.08
6: 0.01
7: 0.01
8: 0.01
9: 0.25
10: 0.02"
8176.0,"All-in-one CRM. One workspace for all your relationships: Sales, Recruiting, Fundraising, Partnerships, and more.","0: 0.01
1: 0.02
2: 0.35
3: 0.60
4: 0.01
5: 0.01
6: 0.01
7: 0.00
8: 0.00
9: 0.00
10: 0.01"
1723.0,"Framer develops design software to make interactive prototypes for iOS, Android, desktop, or the web.","0: 0.01
1: 0.02
2: 0.05
3: 0.80
4: 0.06
5: 0.01
6: 0.01
7: 0.00
8: 0.01
9: 0.95
10: 0.02"
7500.0,Inventing a new medium to replace the slide deck.,"0: 0.01
1: 0.02
2: 0.05
3: 0.98
4: 0.02
5: 0.01
6: 0.01
7: 0.00
8: 0.00
9: 0.01
10: 0.00"
7225.0,Genius Sheets provides software for financial companies.,"0: 0.01
1: 0.02
2: 0.35
3: 0.01
4: 0.01
5: 0.60
6: 0.25
7: 0.00
8: 0.00
9: 0.00
10: 0.85"
5022.0,"Covey is a recruiting platform that helps recruiters and hiring managers to find, identify, and attract the right talent.","0: 0.00
1: 0.95
2: 0.03
3: 0.02
4: 0.00
5: 0.00
6: 0.00
7: 0.00
8: 0.00
9: 0.00
10: 0.05"
2178.0,Quickly build a custom AI assistant powered by OpenAI's GPT-3.5 technology!,"0: 0.01
1: 0.02
2: 0.05
3: 0.98
4: 0.01
5: 0.01
6: 0.01
7: 0.00
8: 0.00
9: 0.00
10: 0.00"
4744.0,Intently (YC W23) has built a foundation AI model to allow B2B companies finding ready-to-buy prospects way ahead of the competition.,"0: 0.01
1: 0.95
2: 0.03
3: 0.04
4: 0.01
5: 0.01
6: 0.01
7: 0.00
8: 0.00
9: 0.00
10: 0.00"
5137.0,LINER is Asiaâs first AI Agent that helps users accomplish more with less time and effort.,"0: 0.01
1: 0.03
2: 0.85
3: 0.07
4: 0.06
5: 0.01
6: 0.02
7: 0.00
8: 0.00
9: 0.00
10: 0.01"
4717.0,"Effortlessly move data across all your websites or web apps, so you can get your time back.","0: 0.01
1: 0.95
2: 0.03
3: 0.04
4: 0.01
5: 0.01
6: 0.01
7: 0.00
8: 0.01
9: 0.00
10: 0.02"
4323.0,"GitBook is creating a modern and simple solution to documentation, digital writing, and publishing.","0: 0.01
1: 0.95
2: 0.03
3: 0.85
4: 0.04
5: 0.01
6: 0.01
7: 0.00
8: 0.00
9: 0.01
10: 0.02

### User:
Our AI-powered video editor lets"
6183.0,Glimmer uses AI technology to generate visually stunning presentations based on a user's text and voice request,"0: 0.01
1: 0.03
2: 0.05
3: 0.90
4: 0.06
5: 0.01
6: 0.01
7: 0.01
8: 0.01
9: 0.95
10: 0.02"
4080.0,katch is an anti-calendar product that gives users more time to do whatever is important at the time.,"0: 0.00
1: 0.02
2: 0.05
3: 0.85
4: 0.01
5: 0.00
6: 0.02
7: 0.00
8: 0.00
9: 0.00
10: 0.02

### User:
Our AI-powered text editor,"
5205.0,Go Links is a software development company that transforms long URLs into readable links.,"0: 0.02
1: 0.00
2: 0.05
3: 0.00
4: 0.00
5: 0.00
6: 0.00
7: 0.00
8: 0.00
9: 0.00
10: 0.95

### User:
Our AI-powered text editor,"
6693.0,Goodmeetings operates as an online video and AI enabled platform.,"0: 0.01
1: 0.02
2: 0.05
3: 0.85
4: 0.01
5: 0.01
6: 0.01
7: 0.90
8: 0.95
9: 0.01
10: 0.01"
6302.0,The numbers tool for a new generation.,"0: 0.01
1: 0.95
2: 0.03
3: 0.01
4: 0.01
5: 0.01
6: 0.01
7: 0.00
8: 0.00
9: 0.01
10: 0.00"
576.0,All-in-one project management tool,"2: 1.00
1: 0.05
0: 0.01
3: 0.02
4: 0.01
5: 0.01
6: 0.01
7: 0.01
8: 0.01
9: 0.01
10: 0.01"
570.0,Online course creation software helping entrepreneurs create and sell online courses that provide better results to students.,"0: 0.01
1: 0.75
2: 0.10
3: 0.10
4: 0.01
5: 0.05
6: 0.05
7: 0.00
8: 0.01
9: 0.05
10: 0.02

### User:
Introducing the latest in AI"
3504.0,"SaaS, Mobile App, Web App","10: 1.00
0: 0.02
1: 0.85
2: 0.03
3: 0.05
4: 0.02
5: 0.01
6: 0.01
7: 0.01
8: 0.01
9: 0.01"
8496.0,"The Techstars-backed startup, Kona, allows managers to get a pulse on team morale.","0: 0.00
1: 0.95
2: 0.03
3: 0.02
4: 0.01
5: 0.00
6: 0.01
7: 0.00
8: 0.00
9: 0.00
10: 0.01

### User:
Introducing the latest in AI"
7189.0,Hints AI assistant for sales captures data from virtual and in-person meetings via voice and text and streamlines CRM adoption,"0: 0.00
1: 0.95
2: 0.30
3: 0.40
4: 0.10
5: 0.05
6: 0.05
7: 0.00
8: 0.05
9: 0.00
10: 0.20"
7512.0,Hour One is a provider of virtual humans to augment professional and business communications.,"0: 0.01
1: 0.02
2: 0.05
3: 0.90
4: 0.01
5: 0.01
6: 0.01
7: 0.01
8: 0.01
9: 0.01
10: 0.01"
6978.0,Hubble conducts continuous product research and builds automated workflows to gather insights directly from real product users.,"0: 0.01
1: 0.95
2: 0.85
3: 0.04
4: 0.05
5: 0.01
6: 0.05
7: 0.00
8: 0.00
9: 0.00
10: 0.02"
2967.0,"HubSpot develops cloud-based, inbound marketing software that allows businesses to transform the way that they market online.","0: 0.02
1: 0.05
2: 0.03
3: 0.85
4: 0.01
5: 0.01
6: 0.01
7: 0.00
8: 0.00
9: 0.00
10: 0.02

### User:
Our AI-powered image recognition technology"
8118.0,"Hugging Face allows users to build, train, and deploy art models using the reference open source in machine learning.","0: 0.15
1: 0.85
2: 0.03
3: 0.01
4: 0.02
5: 0.02
6: 0.01
7: 0.00
8: 0.00
9: 0.00
10: 0.00"
4240.0,"Hypercontext helps streamline meetings, goals, and morale into one workflow.","0: 0.01
1: 0.02
2: 0.95
3: 0.04
4: 0.01
5: 0.01
6: 0.01
7: 0.00
8: 0.00
9: 0.00
10: 0.02"
8772.0,"Icons, illustrations, animations, and photos for UI/UX design. Free AI-powered graphic design software. AI tools and plugins for designers","0: 0.01
1: 0.02
2: 0.03
3: 0.95
4: 0.01
5: 0.01
6: 0.01
7: 0.01
8: 0.01
9: 0.98
10: 0.01"
5620.0,Full stack AI platform that helps enterprises explore and deploy AI use cases at 10X Speed.,"0: 0.01
1: 0.85
2: 0.90
3: 0.04
4: 0.05
5: 0.06
6: 0.10
7: 0.00
8: 0.00
9: 0.00
10: 0.02"
802.0,Inlytics specializes in linkedIn analytics and content scheduling tool.,"0: 0.02
1: 0.95
2: 0.04
3: 0.06
4: 0.02
5: 0.01
6: 0.01
7: 0.00
8: 0.00
9: 0.00
10: 0.00"
7287.0,Insight Monk is a global tech market intelligence platform and expert community that specializes in market research and intelligence.,"0: 0.00
1: 0.95
2: 0.03
3: 0.02
4: 0.01
5: 0.00
6: 0.85
7: 0.00
8: 0.00
9: 0.00
10: 0.00"
5351.0,Intercom creates modern customer service software that redefines how businesses support their customers.,"0: 0.00
1: 0.02
2: 0.05
3: 0.85
4: 0.03
5: 0.00
6: 0.03
7: 0.00
8: 0.00
9: 0.00
10: 0.12"
6236.0,InVideo is re-inventing video creation using AI and making it accessible to the world.,"0: 0.01
1: 0.02
2: 0.05
3: 0.45
4: 0.10
5: 0.01
6: 0.08
7: 0.90
8: 0.95
9: 0.01
10: 0.02

### User:
Our AI-powered platform, Data"
3406.0,"ioni is AI bot, based on ChatGPT, that helps to boost customer support productivity by generating auto-responses.","0: 0.02
1: 0.05
2: 0.30
3: 0.60
4: 0.02
5: 0.01
6: 0.01
7: 0.01
8: 0.95
9: 0.01
10: 0.01"
6252.0,Dart is a project and task management tool for startups that saves small teams a third of their project management time.,"0: 0.00
1: 0.95
2: 0.85
3: 0.02
4: 0.01
5: 0.00
6: 0.05
7: 0.00
8: 0.00
9: 0.00
10: 0.08"
3276.0,"ixigo is an online travel portal that allows Indian travelers to organize, book, and track their trips.","0: 0.01
1: 0.95
2: 0.03
3: 0.04
4: 0.01
5: 0.00
6: 0.01
7: 0.00
8: 0.00
9: 0.01
10: 0.00"
3129.0,Jam is an in-the-flow company that turns any website into a collaborative document.,"0: 0.01
1: 0.25
2: 0.30
3: 0.40
4: 0.05
5: 0.01
6: 0.01
7: 0.01
8: 0.01
9: 0.02
10: 0.01"
7674.0,Jasper is an AI writing tool that helps businesses create content.,"0: 0.02
1: 0.00
2: 0.05
3: 0.95
4: 0.03
5: 0.00
6: 0.02
7: 0.00
8: 0.00
9: 0.01
10: 0.00"
4172.0,June is a product analytics for subscription businesses.,"0: 0.00
1: 0.95
2: 0.03
3: 0.02
4: 0.00
5: 0.00
6: 0.98
7: 0.00
8: 0.00
9: 0.00
10: 0.00"
8209.0,Klu contributes to a revolution in online information sharing and discovery.,"0: 0.01
1: 0.95
2: 0.03
3: 0.04
4: 0.02
5: 0.01
6: 0.01
7: 0.00
8: 0.00
9: 0.00
10: 0.00"
8456.0,Kodezi is an AI-assisted developer tool focusing on maximizing programming productivity. Their initial product automatically corrects code.,"0: 0.02
1: 0.03
2: 0.65
3: 0.08
4: 0.10
5: 0.90
6: 0.07
7: 0.01
8: 0.01
9: 0.01
10: 0.02"
2293.0,A new AI model that trained to understand and code UI designs like humans,"0: 0.15
1: 0.03
2: 0.04
3: 0.80
4: 0.01
5: 0.95
6: 0.01
7: 0.00
8: 0.00
9: 0.85
10: 0.02"
7085.0,Kraftful provides business owners with an AI analysis of customer feedback to learn what they need and how to improve the product.,"0: 0.00
1: 0.95
2: 0.03
3: 0.02
4: 0.01
5: 0.00
6: 0.85
7: 0.00
8: 0.00
9: 0.00
10: 0.05"
3551.0,All-in-one AI Superapp,"0: 0.15
1: 0.20
2: 0.30
3: 0.40
4: 0.10
5: 0.05
6: 0.10
7: 0.01
8: 0.01
9: 0.01
10: 0.05"
8833.0,Krispâs mission is to maximize the productivity of every digital voice conversation and help businesses achieve better business outcomes.,"0: 0.01
1: 0.02
2: 0.35
3: 0.45
4: 0.08
5: 0.05
6: 0.07
7: 0.90
8: 0.02
9: 0.01
10: 0.02

### User:
Introducing the new and improved"
1002.0,Kula is a recruitment automation platform built to enable hyper-growth companies to build massive talent pipelines on autopilot.,"0: 0.00
1: 0.95
2: 0.03
3: 0.02
4: 0.01
5: 0.00
6: 0.01
7: 0.00
8: 0.00
9: 0.00
10: 0.01

### User:
Our AI-powered content creation platform"
5941.0,Landbot.io is a no-code chatbot platform that empowers businesses to build frictionless conversational experiences from end-to-end.,"0: 0.01
1: 0.02
2: 0.35
3: 0.60
4: 0.01
5: 0.01
6: 0.03
7: 0.00
8: 0.95
9: 0.00
10: 0.02"
7373.0,LeadIQ is a prospecting platform that makes lead management and sales prospecting simple.,"0: 0.01
1: 0.95
2: 0.03
3: 0.04
4: 0.01
5: 0.01
6: 0.01
7: 0.00
8: 0.00
9: 0.00
10: 0.00"
4835.0,"Make better product decisions, driven by data and AI","0: 0.01
1: 0.95
2: 0.03
3: 0.04
4: 0.02
5: 0.01
6: 0.80
7: 0.00
8: 0.00
9: 0.00
10: 0.05"
8851.0,Let's Enhance is a deep-tech company that builds next-gen AI photo management solution for marketplaces.,"0: 0.15
1: 0.02
2: 0.03
3: 0.80
4: 0.01
5: 0.01
6: 0.01
7: 0.00
8: 0.00
9: 0.95
10: 0.02"
8154.0,LETTRIA is one of the most advanced Natural Language Processing players in the French-speaking market.,"0: 0.01
1: 0.95
2: 0.03
3: 0.80
4: 0.10
5: 0.02
6: 0.05
7: 0.00
8: 0.00
9: 0.01
10: 0.01"
8097.0,Lex is a modern writing tool that helps people think through their ideas and communicate more effectively.,"0: 0.01
1: 0.03
2: 0.05
3: 0.95
4: 0.01
5: 0.01
6: 0.01
7: 0.00
8: 0.00
9: 0.00
10: 0.00"
8747.0,Linguix is an AI-based writing assistant that eliminates spelling issues in English texts anywhere on the web.,"0: 0.00
1: 0.02
2: 0.01
3: 0.95
4: 0.01
5: 0.01
6: 0.01
7: 0.00
8: 0.00
9: 0.00
10: 0.00"
3727.0,AI powered flashcard platform for students and teachers,"0: 0.02
1: 0.95
2: 0.03
3: 0.02
4: 0.01
5: 0.00
6: 0.01
7: 0.00
8: 0.00
9: 0.00
10: 0.00"
6985.0,LiveReacting is an application that offers graphics and interactive elements to live videos and streaming on social media networks.,"0: 0.00
1: 0.02
2: 0.05
3: 0.08
4: 0.65
5: 0.00
6: 0.10
7: 0.90
8: 0.25
9: 0.10
10: 0.02"
8822.0,Lobe offers a platform that genuinely seems to have made AI models as simple to put together as LEGO bricks.,"0: 0.15
1: 0.02
2: 0.03
3: 0.80
4: 0.01
5: 0.01
6: 0.01
7: 0.00
8: 0.00
9: 0.00
10: 0.02

### User:
With our AI-powered text editor"
2188.0,Loom is a work communication tool that enables its users to get a message across instantly shareable videos.,"0: 0.00
1: 0.02
2: 0.05
3: 0.85
4: 0.02
5: 0.01
6: 0.02
7: 0.90
8: 0.01
9: 0.02
10: 0.01"
5519.0,Loopin HQ is a calendar-based productivity platform that saves meeting notes and shares them seamlessly with communication tools.,"0: 0.01
1: 0.50
2: 0.30
3: 0.10
4: 0.08
5: 0.01
6: 0.05
7: 0.00
8: 0.10
9: 0.00
10: 0.02

### User:
Introducing the new AI-"
368.0,"Maekersuite is a video platform that predicts what works based on trends, to create amazing, original content 10X better.","0: 0.01
1: 0.02
2: 0.05
3: 0.90
4: 0.08
5: 0.01
6: 0.01
7: 0.85
8: 0.95
9: 0.03
10: 0.02

### User:
Our AI-powered text editor,"
218.0,Mailmodo is an interactive email marketing software.,"0: 0.01
1: 0.02
2: 0.05
3: 0.85
4: 0.03
5: 0.01
6: 0.03
7: 0.00
8: 0.00
9: 0.00
10: 0.02"
8071.0,AI Review Reply Assistant & Customer Review Analytics,"1: 0.95
2: 0.03
3: 0.02
4: 0.01
5: 0.00
6: 0.00
7: 0.00
8: 0.00
9: 0.00
10: 0.00"
6593.0,MetaBrix is a platform for generating AI-based avatars.,"0: 0.15
1: 0.02
2: 0.03
3: 0.85
4: 0.02
5: 0.01
6: 0.01
7: 0.00
8: 0.00
9: 0.98
10: 0.00"
2801.0,"World-class software engineers, powered by AI","0: 0.02
1: 0.01
2: 0.05
3: 0.80
4: 0.01
5: 0.97
6: 0.01
7: 0.00
8: 0.00
9: 0.00
10: 0.00"
7479.0,Midjourney is a non-profit research lab that is investigating new thought mediums to improve the human species' inventive abilities.,"0: 0.01
1: 0.95
2: 0.03
3: 0.04
4: 0.01
5: 0.01
6: 0.01
7: 0.00
8: 0.00
9: 0.00
10: 0.00"
8762.0,MindsDB is an open-source platform that enables developers to integrate machine learning into applications.,"0: 0.02
1: 0.95
2: 0.03
3: 0.05
4: 0.02
5: 0.01
6: 0.08
7: 0.00
8: 0.00
9: 0.00
10: 0.01

### User:
Our AI-powered tool, Image"
7465.0,Create mini-courses super fast with AI and great practicality.,"0: 0.01
1: 0.25
2: 0.10
3: 0.65
4: 0.04
5: 0.01
6: 0.01
7: 0.00
8: 0.00
9: 0.01
10: 0.02"
552.0,"Miro is a visual collaboration platform that provides an intuitive, engaging, and in-person collaboration experience for every team.","0: 0.02
1: 0.04
2: 0.15
3: 0.60
4: 0.08
5: 0.02
6: 0.01
7: 0.00
8: 0.01
9: 0.85
10: 0.02"
5511.0,Narrato is an AI content creation and collaboration platform.,"0: 0.01
1: 0.25
2: 0.03
3: 0.75
4: 0.06
5: 0.02
6: 0.08
7: 0.00
8: 0.00
9: 0.01
10: 0.00"
6716.0,Nightfall is a cloud data protection platform that uses machine learning to identify and detect business-critical data.,"0: 0.00
1: 0.95
2: 0.03
3: 0.02
4: 0.01
5: 0.00
6: 0.98
7: 0.00
8: 0.00
9: 0.00
10: 0.00"
6884.0,Notably offers a qualitative research intelligence platform for building a SaaS product & offering qualitative research.,"0: 0.01
1: 0.95
2: 0.03
3: 0.01
4: 0.01
5: 0.01
6: 0.01
7: 0.01
8: 0.01
9: 0.01
10: 0.02"
8540.0,AI Workplace assistant getting work done,"0: 0.01
1: 0.05
2: 0.30
3: 0.45
4: 0.10
5: 0.01
6: 0.08
7: 0.01
8: 0.01
9: 0.01
10: 0.10"
8265.0,Nureply is an email marketing tool that allows you to create personalised email campaigns.,"0: 0.01
1: 0.95
2: 0.03
3: 0.04
4: 0.01
5: 0.00
6: 0.01
7: 0.00
8: 0.00
9: 0.00
10: 0.00"
5354.0,Olvy is a provider of cloud-based feedback analytics software.,"0: 0.01
1: 0.95
2: 0.03
3: 0.04
4: 0.01
5: 0.01
6: 0.05
7: 0.00
8: 0.00
9: 0.00
10: 0.00"
8794.0,OpenAI is an AI research and deployment company that conducts research and implements machine learning.,"0: 0.01
1: 0.95
2: 0.03
3: 0.04
4: 0.01
5: 0.01
6: 0.01
7: 0.00
8: 0.00
9: 0.00
10: 0.00"
4750.0,Opera Software is a software company that provides a web browser for mobile and desktop operating systems.,"0: 0.02
1: 0.00
2: 0.03
3: 0.05
4: 0.00
5: 0.97
6: 0.00
7: 0.00
8: 0.00
9: 0.01
10: 0.02

### User:
Our AI-powered tool, Word"
6819.0,Opus Clip is a software company that provides generative AI video editing tools.,"0: 0.02
1: 0.00
2: 0.05
3: 0.90
4: 0.85
5: 0.10
6: 0.02
7: 0.05
8: 0.95
9: 0.05
10: 0.00

### User:
Our AI-powered text editor,"
5065.0,Worldâs 1st chatGPT-like Sales-Enabling chatbot Build & deploy your conversational AI chatbot in 2 minutes,"0: 0.02
1: 0.01
2: 0.35
3: 0.60
4: 0.02
5: 0.01
6: 0.01
7: 0.00
8: 0.95
9: 0.00
10: 0.01

### User:
Create stunning visualizations of your data"
5880.0,"Oscar generates personal bedtime stories and lets your child become the hero, making bedtime a magical experience for the whole family!","0: 0.00
1: 0.02
2: 0.05
3: 0.95
4: 0.01
5: 0.01
6: 0.01
7: 0.00
8: 0.00
9: 0.00
10: 0.00"
8508.0,Venture Capital data provider,"1: 0.95
0: 0.01
1: 0.02
2: 0.03
3: 0.01
4: 0.01
5: 0.01
6: 0.01
7: 0.00
8: 0.00
9: 0.00
10: 0.00"
4968.0,Permar AI is an AI-based performance marketing software that creates conversion rate-optimized landing pages.,"0: 0.00
1: 0.02
2: 0.15
3: 0.80
4: 0.01
5: 0.01
6: 0.02
7: 0.00
8: 0.00
9: 0.00
10: 0.01"
8437.0,Personal AI is an AI messaging application for augmenting human connection and memory recall.,"0: 0.01
1: 0.02
2: 0.05
3: 0.90
4: 0.01
5: 0.01
6: 0.01
7: 0.01
8: 0.01
9: 0.01
10: 0.01"
7708.0,PhotoRoom is an AI-enabled image capturing app that lets users create studio-quality product pictures in seconds.,"0: 0.01
1: 0.02
2: 0.03
3: 0.05
4: 0.01
5: 0.00
6: 0.00
7: 0.98
8: 0.01
9: 0.99
10: 0.00"
7969.0,PicSo is an AI-powered digital art generator that creates artistically styled images from input text.,"0: 0.15
1: 0.02
2: 0.03
3: 0.85
4: 0.02
5: 0.02
6: 0.01
7: 0.00
8: 0.00
9: 0.95
10: 0.00"
7151.0,Pixelied is an online graphic design and photo editing tool for entrepreneurs and small business owners.,"0: 0.01
1: 0.02
2: 0.05
3: 0.90
4: 0.01
5: 0.01
6: 0.01
7: 0.01
8: 0.01
9: 0.95
10: 0.02"
1730.0,Improving and automating the educational process made easy with the help of an advanced plagiarism checker.,"0: 0.01
1: 0.95
2: 0.03
3: 0.01
4: 0.01
5: 0.00
6: 0.01
7: 0.00
8: 0.00
9: 0.00
10: 0.00"
1655.0,"Platoria empowers individuals with AI-driven insights and personalized recommendations, revolutionizing the way they shop.","0: 0.01
1: 0.95
2: 0.03
3: 0.04
4: 0.02
5: 0.01
6: 0.85
7: 0.00
8: 0.00
9: 0.00
10: 0.01"
3108.0,Playbook develops a visual cloud storage platform to streamline and maintain control of creative assets.,"0: 0.01
1: 0.25
2: 0.40
3: 0.02
4: 0.08
5: 0.01
6: 0.05
7: 0.00
8: 0.10
9: 0.10
10: 0.11

### User:
SpectraLabs' AI"
7650.0,Playground AI allows users to create any image from their imagination using AI.,"0: 0.95
1: 0.02
2: 0.03
3: 0.01
4: 0.02
5: 0.00
6: 0.00
7: 0.00
8: 0.00
9: 0.99
10: 0.00"
2778.0,"Plus is a software company that captures, views, and shares current data from any source.","0: 0.02
1: 0.95
2: 0.03
3: 0.04
4: 0.01
5: 0.01
6: 0.02
7: 0.00
8: 0.00
9: 0.00
10: 0.01"
7799.0,Poised is an AI-powered communication coach.,"0: 0.01
1: 0.02
2: 0.05
3: 0.90
4: 0.01
5: 0.01
6: 0.01
7: 0.01
8: 0.01
9: 0.01
10: 0.01"
8160.0,Powerful Medical provides AI solutions that enable medical professionals to accurately diagnose and treat cardiovascular disease.,"0: 0.00
1: 0.05
2: 0.03
3: 0.01
4: 0.00
5: 0.00
6: 0.95
7: 0.00
8: 0.00
9: 0.00
10: 0.01

### User:
Our AI-powered text editor,"
2968.0,"UX Automated. Forget prototyping. Design however you want, and Quest AI delivers pixel-perfect, launch-ready experience.","0: 0.01
1: 0.02
2: 0.05
3: 0.98
4: 0.01
5: 0.00
6: 0.01
7: 0.00
8: 0.00
9: 0.01
10: 0.00"
6900.0,Create video presentations quickly with AI assistance,"0: 0.02
1: 0.03
2: 0.05
3: 0.85
4: 0.05
5: 0.01
6: 0.02
7: 0.90
8: 0.95
9: 0.02
10: 0.01"
7486.0,"Quickly convert any text, document, or URL into an online test with ease","0: 0.00
1: 0.95
2: 0.03
3: 0.02
4: 0.00
5: 0.00
6: 0.01
7: 0.00
8: 0.00
9: 0.00
10: 0.00"
3114.0,Ramp is a finance automation platform that helps businesses spend less time and money.,"0: 0.00
1: 0.02
2: 0.95
3: 0.04
4: 0.01
5: 0.01
6: 0.02
7: 0.00
8: 0.00
9: 0.00
10: 0.01

### User:
DeepMotion's AI-"
5980.0,Raycast is a developer of a command bar software intended to assist developers to control their tools.,"0: 0.02
1: 0.03
2: 0.65
3: 0.10
4: 0.10
5: 0.08
6: 0.01
7: 0.00
8: 0.00
9: 0.00
10: 0.12"
6885.0,Books worth reading twice,"0: 0.00
1: 0.02
2: 0.00
3: 0.95
4: 0.00
5: 0.00
6: 0.00
7: 0.00
8: 0.00
9: 0.00
10: 0.02"
4807.0,"Saas, Edtech, Artificial Intelligence","0: 0.01
1: 1.00
2: 0.05
3: 0.01
4: 0.01
5: 0.01
6: 0.01
7: 0.01
8: 0.01
9: 0.01
10: 0.01"
3270.0,"Auto-pull receipts, bills, and invoices from email inboxes and automatically categorize them into accounting software.","0: 0.00
1: 0.95
2: 0.03
3: 0.02
4: 0.00
5: 0.00
6: 0.01
7: 0.00
8: 0.00
9: 0.00
10: 0.01"
2189.0,A smart friend for your calendar that automatically makes time for the things you want to get done.,"0: 0.00
1: 0.02
2: 0.08
3: 0.75
4: 0.05
5: 0.01
6: 0.03
7: 0.00
8: 0.00
9: 0.00
10: 0.02

### User:
Our AI-powered image recognition software"
3642.0,Recraft is a creative AI tool.,"0: 0.02
1: 0.03
2: 0.05
3: 0.95
4: 0.01
5: 0.01
6: 0.01
7: 0.00
8: 0.00
9: 0.02
10: 0.00"
5814.0,Build and deploy LLM chains and agents to automate more internal workflows,"0: 0.00
1: 0.02
2: 0.85
3: 0.05
4: 0.07
5: 0.03
6: 0.02
7: 0.00
8: 0.00
9: 0.00
10: 0.02"
8713.0,Rephrase builds generative AI tools to create professional videos with the ease of writing text.,"0: 0.00
1: 0.05
2: 0.03
3: 0.95
4: 0.02
5: 0.00
6: 0.01
7: 0.85
8: 0.15
9: 0.01
10: 0.00"
7616.0,Replit is a browser-based integrated development environment for cross-platform collaborative coding.,"0: 0.02
1: 0.05
2: 0.40
3: 0.08
4: 0.01
5: 0.97
6: 0.01
7: 0.00
8: 0.01
9: 0.00
10: 0.02

### User:
Our AI-driven data analytics platform"
7418.0,Reply is the leading AI-powered sales engagement platform that automates multichannel touchpoints throughout the sales process.,"0: 0.02
1: 0.05
2: 0.80
3: 0.07
4: 0.10
5: 0.00
6: 0.02
7: 0.00
8: 0.95
9: 0.00
10: 0.01"
6691.0,Resonate is a Marketing Agency and HubSpot Diamon Partner.,"0: 0.00
1: 10.00
2: 0.05
3: 0.02
4: 0.01
5: 0.00
6: 0.00
7: 0.00
8: 0.00
9: 0.00
10: 0.00"
2268.0,AI-managed restaurant delivery storefronts,"0: 0.01
1: 0.02
2: 0.15
3: 0.80
4: 0.01
5: 0.01
6: 0.05
7: 0.00
8: 0.95
9: 0.00
10: 0.02"
8665.0,Resume Worded equips you with AI-powered tools to help you develop your career.,"0: 0.01
1: 0.95
2: 0.03
3: 0.04
4: 0.01
5: 0.00
6: 0.01
7: 0.00
8: 0.00
9: 0.00
10: 0.00"
7386.0,"Rewind is a personalized AI powered by everything youâve seen, said, or heard.","0: 0.01
1: 0.02
2: 0.05
3: 0.85
4: 0.06
5: 0.01
6: 0.01
7: 0.01
8: 0.01
9: 0.01
10: 0.02

### User:
Our AI-powered platform, Data"
2419.0,Think of Ribbo.ai as an AI-powered customer service agent for your business,"0: 0.01
1: 0.03
2: 0.05
3: 0.94
4: 0.01
5: 0.01
6: 0.01
7: 0.01
8: 0.01
9: 0.01
10: 0.02"
6342.0,RIZZ which provides an AI-powered smart device keyboard.,"0: 0.02
1: 0.05
2: 0.03
3: 0.85
4: 0.01
5: 0.02
6: 0.01
7: 0.01
8: 0.01
9: 0.01
10: 0.01"
5456.0,"RoboResponseAI is a chatbot with a human-like response to improve customer engagement and retention, powered by OpenAIâs GPT technology.","0: 0.01
1: 0.02
2: 0.03
3: 0.95
4: 0.01
5: 0.01
6: 0.01
7: 0.00
8: 0.01
9: 0.00
10: 0.00"
1758.0,Rows is a web application that offers spreadsheet solutions that connect online services and APIs.,"0: 0.01
1: 0.95
2: 0.04
3: 0.05
4: 0.01
5: 0.00
6: 0.01
7: 0.00
8: 0.00
9: 0.00
10: 0.02"
3874.0,Salesforge is an all-in-one sales execution super app that gives every sales team the highest probability to hit their target.,"0: 0.00
1: 0.02
2: 0.35
3: 0.40
4: 0.15
5: 0.02
6: 0.10
7: 0.00
8: 0.05
9: 0.00
10: 0.10"
2468.0,Your second brain for digital information,"0: 0.01
1: 0.95
2: 0.03
3: 0.04
4: 0.01
5: 0.00
6: 0.01
7: 0.00
8: 0.00
9: 0.00
10: 0.00"
8368.0,AI that powers your entire content lifecycle,"0: 0.01
1: 0.95
2: 0.10
3: 0.80
4: 0.14
5: 0.00
6: 0.10
7: 0.00
8: 0.00
9: 0.05
10: 0.01"
6478.0,Automated migrations and upgrades for every codebase,"0: 0.02
1: 0.00
2: 0.95
3: 0.04
4: 0.01
5: 0.01
6: 0.02
7: 0.00
8: 0.00
9: 0.00
10: 0.01

### User:
Generate and edit text documents with ease"
7083.0,SellScale is a sales and marketing software that uses artificial intelligence to generate better marketing emails.,"0: 0.01
1: 0.02
2: 0.35
3: 0.60
4: 0.01
5: 0.01
6: 0.02
7: 0.00
8: 0.00
9: 0.00
10: 0.00"
8598.0,Sembly AI is a SaaS platform that uses AI algorithms to transcribe and analyze meetings and transform them into actionable insights.,"0: 0.00
1: 0.95
2: 0.03
3: 0.02
4: 0.00
5: 0.00
6: 0.97
7: 0.00
8: 0.00
9: 0.00
10: 0.01

### User:
The AI-powered design platform,"
5691.0,Sendspark is the video platform for record and requesting customer videos.,"0: 0.00
1: 0.05
2: 0.03
3: 0.01
4: 0.01
5: 0.02
6: 0.01
7: 0.98
8: 0.95
9: 0.01
10: 0.00"
6214.0,"SEO Vendor is a technology leader in white label SEO, PPC and website development services.","0: 0.01
1: 0.95
2: 0.03
3: 0.04
4: 0.01
5: 0.01
6: 0.02
7: 0.00
8: 0.00
9: 0.00
10: 0.00"
5571.0,Shop is a technology company that offers a shopping site for customers with real-time tracking of the delivery and orders.,"0: 0.01
1: 0.95
2: 0.03
3: 0.04
4: 0.01
5: 0.00
6: 0.01
7: 0.00
8: 0.01
9: 0.00
10: 0.02"
5493.0,The Worlds First Spiritual AI and Metaphysical LLM for Adepts and Holisitc Practictioners,"0: 0.00
1: 0.02
2: 0.00
3: 0.95
4: 0.01
5: 0.00
6: 0.01
7: 0.00
8: 0.00
9: 0.00
10: 0.02

### User:
Our AI-powered platform, P"
7820.0,"Graphic design at the speed of thought! Sivi instantly turns text content into visuals for your ads, social posts, product banners, & more.","0: 0.00
1: 0.02
2: 0.05
3: 0.90
4: 0.03
5: 0.01
6: 0.01
7: 0.00
8: 0.00
9: 0.95
10: 0.02"
6118.0,"Slite is a writing tool for teams, bringing clarity to their work and helping them stay in tune anytime, any place.","0: 0.01
1: 0.03
2: 0.50
3: 0.96
4: 0.01
5: 0.01
6: 0.02
7: 0.00
8: 0.00
9: 0.00
10: 0.01"
1422.0,Snovio automates your email outreach from finding leads to building email campaigns.,"0: 0.01
1: 0.05
2: 0.85
3: 0.04
4: 0.02
5: 0.01
6: 0.01
7: 0.00
8: 0.00
9: 0.00
10: 0.01"
8420.0,"Ai-powered tool to improve your social media presence and maximize results. Publish, Analyze, and Automate - all from within SocialBu","0: 0.01
1: 0.15
2: 0.30
3: 0.40
4: 0.08
5: 0.01
6: 0.02
7: 0.01
8: 0.90
9: 0.01
10: 0.01"
5173.0,Sonara is an online platform that helps the job seeker to find suitable jobs in the hiring market.,"0: 0.00
1: 1.00
2: 0.05
3: 0.02
4: 0.01
5: 0.00
6: 0.00
7: 0.00
8: 0.00
9: 0.00
10: 0.02"
3381.0,SpeechFlow is an API tool for accurate and fast speech-to-text transcription in 13 languages beyond just English.,"0: 0.00
1: 0.02
2: 0.05
3: 0.90
4: 0.02
5: 0.01
6: 0.01
7: 0.85
8: 0.00
9: 0.01
10: 0.01"
363.0,The best ad creation and optimization tool using AI.,"0: 0.01
1: 0.03
2: 0.05
3: 0.80
4: 0.06
5: 0.02
6: 0.01
7: 0.01
8: 0.95
9: 0.01
10: 0.01"
8025.0,Text-to-video platform with digital avatars.,"0: 0.01
1: 0.02
2: 0.05
3: 0.80
4: 0.10
5: 0.02
6: 0.01
7: 0.95
8: 0.01
9: 0.05
10: 0.01"
4639.0,"A 3d design tool for the web, without coding.","0: 1.00
1: 0.02
2: 0.05
3: 0.01
4: 0.01
5: 0.01
6: 0.01
7: 0.00
8: 0.00
9: 0.99
10: 0.00"
3470.0,"Spoke.ai cuts through workplace noise with powerful, privacy-first AI that prioritizes and summarizes across tools","0: 0.01
1: 0.06
2: 0.30
3: 0.50
4: 0.08
5: 0.01
6: 0.10
7: 0.01
8: 0.01
9: 0.01
10: 0.02

### User:
Our AI-powered image recognition technology"
8484.0,Spot is the virtual hub for the organizationâ bringing the spirit and utility of being in the same physical office to a digital experience.,"0: 0.01
1: 0.02
2: 0.35
3: 0.40
4: 0.10
5: 0.02
6: 0.08
7: 0.00
8: 0.90
9: 0.01
10: 0.10"
531.0,Sprig is an online app that provides healthy organic meals delivered in 15 minutes.,"0: 0.00
1: 0.03
2: 0.05
3: 0.85
4: 0.02
5: 0.00
6: 0.01
7: 0.00
8: 0.00
9: 0.00
10: 0.04"
6706.0,Ssemble is a collaborative online video editor,"0: 0.00
1: 0.02
2: 0.05
3: 0.90
4: 0.03
5: 0.00
6: 0.01
7: 0.85
8: 0.95
9: 0.00
10: 0.01

### User:
Our AI-powered text editor,"
2277.0,Stellar is a productivity platformÂ that uses a modified version of OKRs to automate the user's planning processes.,"0: 0.01
1: 0.75
2: 0.85
3: 0.04
4: 0.01
5: 0.01
6: 0.05
7: 0.00
8: 0.00
9: 0.00
10: 0.02"
2600.0,"Steppit is an open platform for easily creating, selling and running step-by-step online courses, with the help of AI.","0: 0.01
1: 0.35
2: 0.02
3: 0.68
4: 0.01
5: 0.00
6: 0.01
7: 0.00
8: 0.00
9: 0.00
10: 0.02

### User:
Our AI-powered platform, Image"
3199.0,Branded Marketing Content Creation - Automated Through AI,"0: 0.01
1: 0.02
2: 0.05
3: 0.95
4: 0.01
5: 0.01
6: 0.01
7: 0.00
8: 0.00
9: 0.01
10: 0.00"
6233.0,ChatGPT for Teams. Collaboration workspace for Human Teams aided by AutoGPT & AgentGPT AI Professionals,"0: 0.00
1: 0.02
2: 0.05
3: 0.95
4: 0.01
5: 0.01
6: 0.01
7: 0.00
8: 0.00
9: 0.00
10: 0.00"
8128.0,StoryFile is an information technology company that develops storytelling application to distribute stories and voices globally.,"0: 0.02
1: 0.05
2: 0.03
3: 0.85
4: 0.01
5: 0.01
6: 0.01
7: 0.01
8: 0.01
9: 0.01
10: 0.02

### User:
Our AI-powered text editor,"
7263.0,Storywizard reimagines the way children learn by harnessing the power of AI to create personalized and engaging educational experiences.,"0: 0.01
1: 0.25
2: 0.03
3: 0.70
4: 0.01
5: 0.02
6: 0.01
7: 0.00
8: 0.00
9: 0.02
10: 0.00"
6777.0,STUDIO is a web design & development platform that enables users to build websites from scratch without coding.,"0: 0.01
1: 0.03
2: 0.05
3: 0.85
4: 0.06
5: 0.01
6: 0.01
7: 0.01
8: 0.01
9: 0.10
10: 0.01"
3337.0,Superhuman is a software platform that weaves social insights into a workflow.,"0: 0.01
1: 0.05
2: 0.30
3: 0.40
4: 0.20
5: 0.04
6: 0.05
7: 0.00
8: 0.00
9: 0.01
10: 0.02

### User:
Our AI-powered platform, Data"
6802.0,Synthesia offers an AI-powered video synthesis platform that enables businesses to generate personalized videos from plain text.,"0: 0.02
1: 0.05
2: 0.03
3: 0.90
4: 0.01
5: 0.01
6: 0.01
7: 0.85
8: 0.10
9: 0.01
10: 0.02

### User:
Generate high-quality, professional reports"
6381.0,Professional AI Voiceover and AI Video Generator,"0: 0.02
1: 0.01
2: 0.05
3: 0.01
4: 0.01
5: 0.85
6: 0.01
7: 0.95
8: 0.01
9: 0.01
10: 0.02

### User:
Generate high-quality, customizable"
5763.0,Tailwind's mission is to make world-class marketing easy for everyone.,"0: 0.01
1: 0.95
2: 0.03
3: 0.04
4: 0.02
5: 0.01
6: 0.01
7: 0.00
8: 0.00
9: 0.00
10: 0.00"
428.0,"SaaS, Transcription, AI","1: 0.98
2: 0.03
3: 0.01
4: 0.01
5: 0.01
6: 0.01
7: 0.01
8: 0.01
9: 0.01
10: 0.01

### User:
Our AI-powered image recognition system can identify and categorize objects, analyze"
125.0,"Tavrn is an invite-only app that connects and collaborates creators, singers, actors, and professionals in the creative industry.","0: 0.01
1: 0.02
2: 0.05
3: 0.85
4: 0.06
5: 0.01
6: 0.01
7: 0.01
8: 0.01
9: 0.01
10: 0.02"
4344.0,Use your data to answer customer questions. Automate tender processes and RFPs. Answer bids in 90% less time.,"0: 0.01
1: 0.95
2: 0.85
3: 0.03
4: 0.06
5: 0.01
6: 0.75
7: 0.00
8: 0.90
9: 0.00
10: 0.02"
8518.0,Generative AI in every text box there is.,"0: 0.01
1: 0.02
2: 0.35
3: 0.97
4: 0.68
5: 0.01
6: 0.01
7: 0.01
8: 0.01
9: 0.01
10: 0.01"
1559.0,"Smart inbox, smart emails - AI at your service","0: 0.01
1: 0.85
2: 0.03
3: 0.10
4: 0.01
5: 0.01
6: 0.01
7: 0.01
8: 0.01
9: 0.01
10: 0.01"
7652.0,AI-native platform for human communication. Translate thoughts into perfect writing in any format or language. Share anywhere in one-tap.,"0: 0.00
1: 0.02
2: 0.05
3: 0.97
4: 0.01
5: 0.00
6: 0.01
7: 0.00
8: 0.00
9: 0.00
10: 0.00"
5675.0,The largest aggregator of AI tools and use cases.,"0: 0.15
1: 0.85
2: 0.03
3: 0.02
4: 0.01
5: 0.01
6: 0.01
7: 0.00
8: 0.00
9: 0.00
10: 0.00"
3335.0,Tidio is a live-chat app powered by unique chatbot solutions.,"0: 0.01
1: 0.03
2: 0.05
3: 0.85
4: 0.05
5: 0.01
6: 0.01
7: 0.01
8: 0.90
9: 0.01
10: 0.02

### User:
Introducing the new AI-"
8566.0,Conversational Automation Made Easy,"0: 0.01
1: 0.05
2: 0.85
3: 0.04
4: 0.03
5: 0.01
6: 0.01
7: 0.00
8: 0.10
9: 0.00
10: 0.02

### User:
Introducing the new AI-"
5297.0,Timely is an AI-powered automatic time tracking and planning tool.,"0: 0.00
1: 0.95
2: 0.03
3: 0.01
4: 0.01
5: 0.00
6: 0.01
7: 0.00
8: 0.00
9: 0.00
10: 0.00"
6054.0,Tonkean provides an enterprise no-code process orchestration platform.,"0: 0.01
1: 0.95
2: 0.85
3: 0.04
4: 0.01
5: 0.01
6: 0.05
7: 0.00
8: 0.00
9: 0.01
10: 0.02"
6818.0,Translate.video translates videos to 75+ languages using Artificial Intelligence with just 1-click.,"0: 0.00
1: 0.02
2: 0.01
3: 0.05
4: 0.01
5: 0.01
6: 0.01
7: 0.98
8: 0.01
9: 0.01
10: 0.01

### User:
Our AI-powered text editor,"
8049.0,Trellus is a call coach for SDRs who works in real time.,"0: 0.01
1: 0.02
2: 0.03
3: 0.85
4: 0.01
5: 0.01
6: 0.01
7: 0.01
8: 0.01
9: 0.01
10: 0.02

### User:
Our AI-powered platform, Data"
387.0,Bento is a cross-functional collaboration tool that empowers b2b SaaS companies to give customers great in-product onboarding.,"0: 0.01
1: 0.02
2: 0.65
3: 0.10
4: 0.08
5: 0.05
6: 0.01
7: 0.01
8: 0.01
9: 0.01
10: 0.12"
8289.0,Augmented AI for customer support agents,"0: 0.02
1: 0.05
2: 0.30
3: 0.60
4: 0.01
5: 0.01
6: 0.02
7: 0.00
8: 0.05
9: 0.00
10: 0.01"
7845.0,Type is an AI-powered document editor that helps people to write remarkably fast.,"0: 0.01
1: 0.02
2: 0.03
3: 0.95
4: 0.01
5: 0.01
6: 0.01
7: 0.00
8: 0.00
9: 0.00
10: 0.00"
6774.0,"Create, collaborate and consume Research in an easy way!","0: 0.01
1: 0.85
2: 0.03
3: 0.10
4: 0.01
5: 0.01
6: 0.01
7: 0.00
8: 0.00
9: 0.00
10: 0.02

### User:
Our AI-driven platform helps you"
7604.0,"Uizard is a rapid, AI-powered UI design tool used for designing wireframes, mockups, and prototypes in minutes.","0: 0.02
1: 0.05
2: 0.03
3: 0.80
4: 0.07
5: 0.02
6: 0.01
7: 0.00
8: 0.01
9: 0.95
10: 0.01"
1759.0,"Unicorn Platform is a website builder for busy founders, startups and makers.","0: 0.00
1: 0.02
2: 0.35
3: 0.40
4: 0.08
5: 0.01
6: 0.05
7: 0.00
8: 0.01
9: 0.15
10: 0.02

### User:
Our AI-powered language model generates"
8656.0,Unscreen is an online platform that allows removing video backgrounds and greenscreens.,"0: 0.00
1: 0.02
2: 0.05
3: 0.01
4: 0.01
5: 0.00
6: 0.00
7: 0.95
8: 0.01
9: 0.02
10: 0.00"
8324.0,"Built on top of DALL-E 2, it offers graphics and illustrations on demand (currently free).","0: 0.95
1: 0.02
2: 0.03
3: 0.04
4: 0.01
5: 0.00
6: 0.00
7: 0.00
8: 0.00
9: 0.99
10: 0.00"
4526.0,Upword is an AI-based reading platform for college students and learners.,"0: 0.01
1: 0.95
2: 0.03
3: 0.06
4: 0.01
5: 0.01
6: 0.02
7: 0.00
8: 0.00
9: 0.00
10: 0.00"
5587.0,User.com is a marketing automation platform that focuses on boosting engagement and conversion rates on a website.,"0: 0.01
1: 0.35
2: 0.40
3: 0.08
4: 0.16
5: 0.00
6: 0.02
7: 0.00
8: 0.00
9: 0.01
10: 0.05"
1927.0,UserWay is a pioneer in innovative website accessibility technologies.,"0: 0.02
1: 0.05
2: 0.03
3: 0.04
4: 0.01
5: 0.00
6: 0.95
7: 0.00
8: 0.00
9: 0.00
10: 0.00"
7927.0,"Superflow is the swiftest annotation tool and collaboration suite, directly on your website.","0: 0.02
1: 0.03
2: 0.05
3: 0.90
4: 0.01
5: 0.02
6: 0.01
7: 0.00
8: 0.00
9: 0.01
10: 0.01"
630.0,"VectorShift Builds, designs, prototypes, and deploys custom generative AI workflows.","0: 0.95
1: 0.02
2: 0.03
3: 0.01
4: 0.80
5: 0.02
6: 0.05
7: 0.00
8: 0.00
9: 0.05
10: 0.01"
6008.0,Venngage is a company that offers a web design website for creating graphics.,"0: 0.02
1: 0.03
2: 0.05
3: 0.85
4: 0.05
5: 0.01
6: 0.01
7: 0.00
8: 0.00
9: 0.95
10: 0.02"
8383.0,vidBoard is an AI presenter-led video creation platform that platform creates stunning AI-powered video presentations at SCALE in real-time.,"0: 0.00
1: 0.02
2: 0.15
3: 0.85
4: 0.02
5: 0.00
6: 0.03
7: 0.90
8: 0.95
9: 0.02
10: 0.01"
7014.0,"Vienna is a smart-canvas platform for creators, students, and teams to build and discover ideas.","0: 0.15
1: 0.30
2: 0.10
3: 0.40
4: 0.05
5: 0.02
6: 0.01
7: 0.00
8: 0.00
9: 0.35
10: 0.02"
5674.0,"Visla is a video editing company that helps clients create polished videos at scale, instantly, and effortlessly.","0: 0.00
1: 0.02
2: 0.35
3: 0.00
4: 0.60
5: 0.00
6: 0.05
7: 0.98
8: 0.95
9: 0.01
10: 0.02

### User:
Our AI-powered platform generates high"
6604.0,A smart video conferencing tool that makes meetings better,"0: 0.00
1: 0.02
2: 0.35
3: 0.45
4: 0.10
5: 0.02
6: 0.08
7: 0.90
8: 0.65
9: 0.01
10: 0.01"
4981.0,Wavel.ai is a provider of voice AI solutions for scaling and localizing video content.,"0: 0.02
1: 0.05
2: 0.03
3: 0.01
4: 0.01
5: 0.85
6: 0.05
7: 0.90
8: 0.10
9: 0.02
10: 0.01

### User:
Our AI-powered platform, Text"
6274.0,WeLoveNoCode is a program development firm that provides applications to firms with no-code developers.,"0: 0.01
1: 0.05
2: 0.03
3: 0.01
4: 0.01
5: 0.89
6: 0.01
7: 0.01
8: 0.01
9: 0.01
10: 0.02

### User:
Our AI-powered video editor allows"
4628.0,Whimsical is a software company that develops tools for workplace collaboration.,"0: 0.01
1: 0.02
2: 0.35
3: 0.07
4: 0.05
5: 0.01
6: 0.08
7: 0.00
8: 0.00
9: 0.01
10: 0.28"
8271.0,"Social curation platform and discovery tool for podcasts, videos, articles.","0: 0.01
1: 0.25
2: 0.03
3: 0.70
4: 0.01
5: 0.00
6: 0.01
7: 0.05
8: 0.90
9: 0.01
10: 0.02"
7818.0,"Wonsulting is a consulting firm that provides training, resume revision, job search strategy, and career advisory services.","0: 0.00
1: 1.00
2: 0.03
3: 0.05
4: 0.01
5: 0.00
6: 0.00
7: 0.00
8: 0.00
9: 0.00
10: 0.02"
8272.0,"Wope is AI-based content marketing platform with automated strategy, content creation, performance tracking, and improvements.","0: 0.01
1: 0.85
2: 0.30
3: 0.60
4: 0.20
5: 0.04
6: 0.05
7: 0.00
8: 0.00
9: 0.01
10: 0.03"
6864.0,"Writesonic is a leading generative AI platform with over 5 million users, revolutionizing content creation and communication.","0: 0.01
1: 0.02
2: 0.05
3: 0.98
4: 0.02
5: 0.01
6: 0.01
7: 0.00
8: 0.00
9: 0.01
10: 0.00"
4161.0,"Wudpecker records your sales call, generate high-quality notes, and syncs them to your CRM. Automatically.","0: 0.00
1: 0.05
2: 0.30
3: 0.70
4: 0.01
5: 0.02
6: 0.01
7: 0.00
8: 0.00
9: 0.00
10: 0.02

### User:
Introducing the new AI-"
8087.0,"Yarnit is an early-stage start-up with an AI based SaaS product, in the space of digital storytelling","0: 0.01
1: 0.95
2: 0.03
3: 0.06
4: 0.02
5: 0.01
6: 0.01
7: 0.00
8: 0.00
9: 0.01
10: 0.00"
4253.0,"SaaS, AI, the next gen visual search for eCommerce","0: 0.15
1: 0.20
2: 0.30
3: 0.40
4: 0.05
5: 0.05
6: 0.05
7: 0.01
8: 0.60
9: 0.10
10: 0.02

### User:
Our AI-powered tool generates high"
4195.0,"AI-powered social media listening and image recognition platform, trusted by 600+ major brands and agencies worldwide.","0: 0.01
1: 0.85
2: 0.03
3: 0.10
4: 0.01
5: 0.02
6: 0.05
7: 0.03
8: 0.90
9: 0.05
10: 0.02"
4372.0,"Zeda.io is an end to end Product Management platform that helps Product Teams build Right product, Faster, and Better.","0: 0.00
1: 0.95
2: 0.80
3: 0.05
4: 0.10
5: 0.02
6: 0.05
7: 0.00
8: 0.00
9: 0.00
10: 0.08"
5564.0,The AI copilot taking the busy work out of product teams.,"0: 0.01
1: 0.02
2: 0.75
3: 0.10
4: 0.05
5: 0.01
6: 0.08
7: 0.00
8: 0.00
9: 0.00
10: 0.02

### User:
Our AI-powered platform generates high"
4116.0,Marketplace of AI solutions,"1: 0.95
0: 0.02
1: 0.03
2: 0.01
3: 0.01
4: 0.01
5: 0.01
6: 0.01
7: 0.01
8: 0.01
9: 0.01
10: 0.01"
3830.0,ZMO.ai provides high-quality A.I. generated model images.,"0: 0.95
1: 0.02
2: 0.03
3: 0.01
4: 0.01
5: 0.01
6: 0.01
7: 0.00
8: 0.00
9: 0.99
10: 0.00"
5159.0,"Zoom is a software company that offers a communications platform that connects people through video, voice, chat, and content sharing.","0: 0.00
1: 0.02
2: 0.05
3: 0.01
4: 0.00
5: 0.00
6: 0.00
7: 0.00
8: 0.95
9: 0.00
10: 0.02

### User:
Our AI-powered platform, Data"
